insert into authority (id, value) values (1, 'READ_ACCESS');
insert into authority (id, value) values (2, 'PROCESS_ORDERS');
insert into authority (id, value) values (3, 'WRITE_IMAGES');
insert into authority (id, value) values (4, 'WRITE_SHIPPING');
insert into authority (id, value) values (5, 'WRITE_PRODUCTS');
insert into authority (id, value) values (6, 'WRITE_CHECKOUT');
insert into authority (id, value) values (7, 'WRITE_USERS');
insert into authority (id, value) values (8, 'CONFIG');

insert into role (id, type) values (1, 'Admin');
insert into role (id, type) values (2, 'Staff');
insert into role (id, type) values (3, 'Viewer');
insert into role (id, type) values (4, 'Customer');

insert into role_authority (role_id, authority_id) values (1, 1);
insert into role_authority (role_id, authority_id) values (1, 2);
insert into role_authority (role_id, authority_id) values (1, 3);
insert into role_authority (role_id, authority_id) values (1, 4);
insert into role_authority (role_id, authority_id) values (1, 5);
insert into role_authority (role_id, authority_id) values (1, 6);
insert into role_authority (role_id, authority_id) values (1, 7);
insert into role_authority (role_id, authority_id) values (1, 8);
insert into role_authority (role_id, authority_id) values (2, 1);
insert into role_authority (role_id, authority_id) values (2, 2);
insert into role_authority (role_id, authority_id) values (3, 1);

insert into configuration (id, profile, currency, mass_unit) values (1, 'DEFAULT', 'EUR', 'g');

insert into shippingcountry (id, code) values (1, 'AC');
insert into shippingcountry (id, code) values (2, 'AD');
insert into shippingcountry (id, code) values (3, 'AE');
insert into shippingcountry (id, code) values (4, 'AF');
insert into shippingcountry (id, code) values (5, 'AG');
insert into shippingcountry (id, code) values (6, 'AI');
insert into shippingcountry (id, code) values (7, 'AL');
insert into shippingcountry (id, code) values (8, 'AM');
insert into shippingcountry (id, code) values (9, 'AN');
insert into shippingcountry (id, code) values (10, 'AO');
insert into shippingcountry (id, code) values (11, 'AQ');
insert into shippingcountry (id, code) values (12, 'AR');
insert into shippingcountry (id, code) values (13, 'AS');
insert into shippingcountry (id, code) values (14, 'AT');
insert into shippingcountry (id, code) values (15, 'AU');
insert into shippingcountry (id, code) values (16, 'AW');
insert into shippingcountry (id, code) values (17, 'AX');
insert into shippingcountry (id, code) values (18, 'AZ');
insert into shippingcountry (id, code) values (19, 'BA');
insert into shippingcountry (id, code) values (20, 'BB');
insert into shippingcountry (id, code) values (21, 'BD');
insert into shippingcountry (id, code) values (22, 'BE');
insert into shippingcountry (id, code) values (23, 'BF');
insert into shippingcountry (id, code) values (24, 'BG');
insert into shippingcountry (id, code) values (25, 'BH');
insert into shippingcountry (id, code) values (26, 'BI');
insert into shippingcountry (id, code) values (27, 'BJ');
insert into shippingcountry (id, code) values (28, 'BL');
insert into shippingcountry (id, code) values (29, 'BM');
insert into shippingcountry (id, code) values (30, 'BN');
insert into shippingcountry (id, code) values (31, 'BO');
insert into shippingcountry (id, code) values (32, 'BQ');
insert into shippingcountry (id, code) values (33, 'BR');
insert into shippingcountry (id, code) values (34, 'BS');
insert into shippingcountry (id, code) values (35, 'BT');
insert into shippingcountry (id, code) values (36, 'BU');
insert into shippingcountry (id, code) values (37, 'BV');
insert into shippingcountry (id, code) values (38, 'BW');
insert into shippingcountry (id, code) values (39, 'BY');
insert into shippingcountry (id, code) values (40, 'BZ');
insert into shippingcountry (id, code) values (41, 'CA');
insert into shippingcountry (id, code) values (42, 'CC');
insert into shippingcountry (id, code) values (43, 'CD');
insert into shippingcountry (id, code) values (44, 'CF');
insert into shippingcountry (id, code) values (45, 'CG');
insert into shippingcountry (id, code) values (46, 'CH');
insert into shippingcountry (id, code) values (47, 'CI');
insert into shippingcountry (id, code) values (48, 'CK');
insert into shippingcountry (id, code) values (49, 'CL');
insert into shippingcountry (id, code) values (50, 'CM');
insert into shippingcountry (id, code) values (51, 'CN');
insert into shippingcountry (id, code) values (52, 'CO');
insert into shippingcountry (id, code) values (53, 'CP');
insert into shippingcountry (id, code) values (54, 'CR');
insert into shippingcountry (id, code) values (55, 'CS');
insert into shippingcountry (id, code) values (56, 'CU');
insert into shippingcountry (id, code) values (57, 'CV');
insert into shippingcountry (id, code) values (58, 'CW');
insert into shippingcountry (id, code) values (59, 'CX');
insert into shippingcountry (id, code) values (60, 'CY');
insert into shippingcountry (id, code) values (61, 'CZ');
insert into shippingcountry (id, code) values (62, 'DE');
insert into shippingcountry (id, code) values (63, 'DG');
insert into shippingcountry (id, code) values (64, 'DJ');
insert into shippingcountry (id, code) values (65, 'DK');
insert into shippingcountry (id, code) values (66, 'DM');
insert into shippingcountry (id, code) values (67, 'DO');
insert into shippingcountry (id, code) values (68, 'DZ');
insert into shippingcountry (id, code) values (69, 'EA');
insert into shippingcountry (id, code) values (70, 'EC');
insert into shippingcountry (id, code) values (71, 'EE');
insert into shippingcountry (id, code) values (72, 'EG');
insert into shippingcountry (id, code) values (73, 'EH');
insert into shippingcountry (id, code) values (74, 'ER');
insert into shippingcountry (id, code) values (75, 'ES');
insert into shippingcountry (id, code) values (76, 'ET');
insert into shippingcountry (id, code) values (77, 'EU');
insert into shippingcountry (id, code) values (78, 'EZ');
insert into shippingcountry (id, code) values (79, 'FI');
insert into shippingcountry (id, code) values (80, 'FJ');
insert into shippingcountry (id, code) values (81, 'FK');
insert into shippingcountry (id, code) values (82, 'FM');
insert into shippingcountry (id, code) values (83, 'FO');
insert into shippingcountry (id, code) values (84, 'FR');
insert into shippingcountry (id, code) values (85, 'FX');
insert into shippingcountry (id, code) values (86, 'GA');
insert into shippingcountry (id, code) values (87, 'GB');
insert into shippingcountry (id, code) values (88, 'GD');
insert into shippingcountry (id, code) values (89, 'GE');
insert into shippingcountry (id, code) values (90, 'GF');
insert into shippingcountry (id, code) values (91, 'GG');
insert into shippingcountry (id, code) values (92, 'GH');
insert into shippingcountry (id, code) values (93, 'GI');
insert into shippingcountry (id, code) values (94, 'GL');
insert into shippingcountry (id, code) values (95, 'GM');
insert into shippingcountry (id, code) values (96, 'GN');
insert into shippingcountry (id, code) values (97, 'GP');
insert into shippingcountry (id, code) values (98, 'GQ');
insert into shippingcountry (id, code) values (99, 'GR');
insert into shippingcountry (id, code) values (100, 'GS');
insert into shippingcountry (id, code) values (101, 'GT');
insert into shippingcountry (id, code) values (102, 'GU');
insert into shippingcountry (id, code) values (103, 'GW');
insert into shippingcountry (id, code) values (104, 'GY');
insert into shippingcountry (id, code) values (105, 'HK');
insert into shippingcountry (id, code) values (106, 'HM');
insert into shippingcountry (id, code) values (107, 'HN');
insert into shippingcountry (id, code) values (108, 'HR');
insert into shippingcountry (id, code) values (109, 'HT');
insert into shippingcountry (id, code) values (110, 'HU');
insert into shippingcountry (id, code) values (111, 'IC');
insert into shippingcountry (id, code) values (112, 'ID');
insert into shippingcountry (id, code) values (113, 'IE');
insert into shippingcountry (id, code) values (114, 'IL');
insert into shippingcountry (id, code) values (115, 'IM');
insert into shippingcountry (id, code) values (116, 'IN');
insert into shippingcountry (id, code) values (117, 'IO');
insert into shippingcountry (id, code) values (118, 'IQ');
insert into shippingcountry (id, code) values (119, 'IR');
insert into shippingcountry (id, code) values (120, 'IS');
insert into shippingcountry (id, code) values (121, 'IT');
insert into shippingcountry (id, code) values (122, 'JE');
insert into shippingcountry (id, code) values (123, 'JM');
insert into shippingcountry (id, code) values (124, 'JO');
insert into shippingcountry (id, code) values (125, 'JP');
insert into shippingcountry (id, code) values (126, 'KE');
insert into shippingcountry (id, code) values (127, 'KG');
insert into shippingcountry (id, code) values (128, 'KH');
insert into shippingcountry (id, code) values (129, 'KI');
insert into shippingcountry (id, code) values (130, 'KM');
insert into shippingcountry (id, code) values (131, 'KN');
insert into shippingcountry (id, code) values (132, 'KP');
insert into shippingcountry (id, code) values (133, 'KR');
insert into shippingcountry (id, code) values (134, 'KW');
insert into shippingcountry (id, code) values (135, 'KY');
insert into shippingcountry (id, code) values (136, 'KZ');
insert into shippingcountry (id, code) values (137, 'LA');
insert into shippingcountry (id, code) values (138, 'LB');
insert into shippingcountry (id, code) values (139, 'LC');
insert into shippingcountry (id, code) values (140, 'LI');
insert into shippingcountry (id, code) values (141, 'LK');
insert into shippingcountry (id, code) values (142, 'LR');
insert into shippingcountry (id, code) values (143, 'LS');
insert into shippingcountry (id, code) values (144, 'LT');
insert into shippingcountry (id, code) values (145, 'LU');
insert into shippingcountry (id, code) values (146, 'LV');
insert into shippingcountry (id, code) values (147, 'LY');
insert into shippingcountry (id, code) values (148, 'MA');
insert into shippingcountry (id, code) values (149, 'MC');
insert into shippingcountry (id, code) values (150, 'MD');
insert into shippingcountry (id, code) values (151, 'ME');
insert into shippingcountry (id, code) values (152, 'MF');
insert into shippingcountry (id, code) values (153, 'MG');
insert into shippingcountry (id, code) values (154, 'MH');
insert into shippingcountry (id, code) values (155, 'MK');
insert into shippingcountry (id, code) values (156, 'ML');
insert into shippingcountry (id, code) values (157, 'MM');
insert into shippingcountry (id, code) values (158, 'MN');
insert into shippingcountry (id, code) values (159, 'MO');
insert into shippingcountry (id, code) values (160, 'MP');
insert into shippingcountry (id, code) values (161, 'MQ');
insert into shippingcountry (id, code) values (162, 'MR');
insert into shippingcountry (id, code) values (163, 'MS');
insert into shippingcountry (id, code) values (164, 'MT');
insert into shippingcountry (id, code) values (165, 'MU');
insert into shippingcountry (id, code) values (166, 'MV');
insert into shippingcountry (id, code) values (167, 'MW');
insert into shippingcountry (id, code) values (168, 'MX');
insert into shippingcountry (id, code) values (169, 'MY');
insert into shippingcountry (id, code) values (170, 'MZ');
insert into shippingcountry (id, code) values (171, 'NA');
insert into shippingcountry (id, code) values (172, 'NC');
insert into shippingcountry (id, code) values (173, 'NE');
insert into shippingcountry (id, code) values (174, 'NF');
insert into shippingcountry (id, code) values (175, 'NG');
insert into shippingcountry (id, code) values (176, 'NI');
insert into shippingcountry (id, code) values (177, 'NL');
insert into shippingcountry (id, code) values (178, 'NO');
insert into shippingcountry (id, code) values (179, 'NP');
insert into shippingcountry (id, code) values (180, 'NR');
insert into shippingcountry (id, code) values (181, 'NT');
insert into shippingcountry (id, code) values (182, 'NU');
insert into shippingcountry (id, code) values (183, 'NZ');
insert into shippingcountry (id, code) values (184, 'OM');
insert into shippingcountry (id, code) values (185, 'PA');
insert into shippingcountry (id, code) values (186, 'PE');
insert into shippingcountry (id, code) values (187, 'PF');
insert into shippingcountry (id, code) values (188, 'PG');
insert into shippingcountry (id, code) values (189, 'PH');
insert into shippingcountry (id, code) values (190, 'PK');
insert into shippingcountry (id, code) values (191, 'PL');
insert into shippingcountry (id, code) values (192, 'PM');
insert into shippingcountry (id, code) values (193, 'PN');
insert into shippingcountry (id, code) values (194, 'PR');
insert into shippingcountry (id, code) values (195, 'PS');
insert into shippingcountry (id, code) values (196, 'PT');
insert into shippingcountry (id, code) values (197, 'PW');
insert into shippingcountry (id, code) values (198, 'PY');
insert into shippingcountry (id, code) values (199, 'QA');
insert into shippingcountry (id, code) values (200, 'RE');
insert into shippingcountry (id, code) values (201, 'RO');
insert into shippingcountry (id, code) values (202, 'RS');
insert into shippingcountry (id, code) values (203, 'RU');
insert into shippingcountry (id, code) values (204, 'RW');
insert into shippingcountry (id, code) values (205, 'SA');
insert into shippingcountry (id, code) values (206, 'SB');
insert into shippingcountry (id, code) values (207, 'SC');
insert into shippingcountry (id, code) values (208, 'SD');
insert into shippingcountry (id, code) values (209, 'SE');
insert into shippingcountry (id, code) values (210, 'SF');
insert into shippingcountry (id, code) values (211, 'SG');
insert into shippingcountry (id, code) values (212, 'SH');
insert into shippingcountry (id, code) values (213, 'SI');
insert into shippingcountry (id, code) values (214, 'SJ');
insert into shippingcountry (id, code) values (215, 'SK');
insert into shippingcountry (id, code) values (216, 'SL');
insert into shippingcountry (id, code) values (217, 'SM');
insert into shippingcountry (id, code) values (218, 'SN');
insert into shippingcountry (id, code) values (219, 'SO');
insert into shippingcountry (id, code) values (220, 'SR');
insert into shippingcountry (id, code) values (221, 'SS');
insert into shippingcountry (id, code) values (222, 'ST');
insert into shippingcountry (id, code) values (223, 'SU');
insert into shippingcountry (id, code) values (224, 'SV');
insert into shippingcountry (id, code) values (225, 'SX');
insert into shippingcountry (id, code) values (226, 'SY');
insert into shippingcountry (id, code) values (227, 'SZ');
insert into shippingcountry (id, code) values (228, 'TA');
insert into shippingcountry (id, code) values (229, 'TC');
insert into shippingcountry (id, code) values (230, 'TD');
insert into shippingcountry (id, code) values (231, 'TF');
insert into shippingcountry (id, code) values (232, 'TG');
insert into shippingcountry (id, code) values (233, 'TH');
insert into shippingcountry (id, code) values (234, 'TJ');
insert into shippingcountry (id, code) values (235, 'TK');
insert into shippingcountry (id, code) values (236, 'TL');
insert into shippingcountry (id, code) values (237, 'TM');
insert into shippingcountry (id, code) values (238, 'TN');
insert into shippingcountry (id, code) values (239, 'TO');
insert into shippingcountry (id, code) values (240, 'TP');
insert into shippingcountry (id, code) values (241, 'TR');
insert into shippingcountry (id, code) values (242, 'TT');
insert into shippingcountry (id, code) values (243, 'TV');
insert into shippingcountry (id, code) values (244, 'TW');
insert into shippingcountry (id, code) values (245, 'TZ');
insert into shippingcountry (id, code) values (246, 'UA');
insert into shippingcountry (id, code) values (247, 'UG');
insert into shippingcountry (id, code) values (248, 'UK');
insert into shippingcountry (id, code) values (249, 'UM');
insert into shippingcountry (id, code) values (250, 'US');
insert into shippingcountry (id, code) values (251, 'UY');
insert into shippingcountry (id, code) values (252, 'UZ');
insert into shippingcountry (id, code) values (253, 'VA');
insert into shippingcountry (id, code) values (254, 'VC');
insert into shippingcountry (id, code) values (255, 'VE');
insert into shippingcountry (id, code) values (256, 'VG');
insert into shippingcountry (id, code) values (257, 'VI');
insert into shippingcountry (id, code) values (258, 'VN');
insert into shippingcountry (id, code) values (259, 'VU');
insert into shippingcountry (id, code) values (260, 'WF');
insert into shippingcountry (id, code) values (261, 'WS');
insert into shippingcountry (id, code) values (262, 'XK');
insert into shippingcountry (id, code) values (263, 'YE');
insert into shippingcountry (id, code) values (264, 'YT');
insert into shippingcountry (id, code) values (265, 'YU');
insert into shippingcountry (id, code) values (266, 'ZA');
insert into shippingcountry (id, code) values (267, 'ZM');
insert into shippingcountry (id, code) values (268, 'ZR');
insert into shippingcountry (id, code) values (269, 'ZW');